Community College of the Air ForceAlabama A & M UniversityUniversity of Alabama at BirminghamUniversity of Alabama in HuntsvilleAlabama State UniversityUniversity of Alabama System OfficeThe University of AlabamaCentral Alabama Community CollegeAthens State UniversityAuburn University at MontgomeryAuburn UniversityChattahoochee Valley Community CollegeEnterprise State Community CollegeJames H Faulkner State Community CollegeGadsden State Community CollegeGeorge C Wallace State Community College-DothanGeorge C Wallace State Community College-HancevilleGeorge C Wallace State Community College-SelmaJ F Drake State Community and Technical CollegeJ F Ingram State Technical CollegeJacksonville State UniversityJefferson Davis Community CollegeJefferson State Community CollegeJohn C Calhoun State Community CollegeLawson State Community College-Birmingham CampusUniversity of West AlabamaLurleen B Wallace Community CollegeMarion Military InstituteUniversity of MontevalloNorthwest-Shoals Community CollegeUniversity of North AlabamaNortheast Alabama Community CollegeAlabama Southern Community CollegeReid State Technical CollegeBishop State Community CollegeShelton State Community CollegeSnead State Community CollegeUniversity of South AlabamaH Councill Trenholm State Technical CollegeTroy UniversityBevill State Community CollegeUniversity of Alaska AnchorageUniversity of Alaska FairbanksUniversity of Alaska SoutheastAVTEC-Alaska's Institute of TechnologyPrince William Sound Community CollegeUniversity of Alaska System of Higher EducationArizona State UniversityArizona Western CollegeUniversity of ArizonaCentral Arizona CollegeCochise CollegeEastern Arizona CollegeGlendale Community CollegeMaricopa Community College System OfficeGateWay Community CollegeMesa Community CollegeMohave Community CollegeDine CollegeNorthern Arizona UniversityNorthland Pioneer CollegePhoenix CollegePima Community CollegeRio Salado CollegeScottsdale Community CollegeSouth Mountain Community CollegeYavapai CollegeUniversity of Arkansas at Little RockUniversity of Arkansas for Medical SciencesUniversity of ArkansasUniversity of Arkansas at Pine BluffArkansas State University-BeebeArkansas State University-Main CampusArkansas Tech UniversityUniversity of Arkansas at MonticelloBlack River Technical CollegeUniversity of Central ArkansasCossatot Community College of the University of ArkansasCrowleys Ridge Technical InstituteEast Arkansas Community CollegeNational Park Community CollegeUniversity of Arkansas Community College-BatesvilleHenderson State UniversityMid-South Community CollegeArkansas Northeastern CollegeNorth Arkansas CollegeNorthwest Technical InstituteCollege of the OuachitasOzarka CollegeUniversity of Arkansas Community College-MorriltonPhillips Community College of the University of ArkansasSoutheast Arkansas CollegePulaski Technical CollegeUniversity of Arkansas Community College-HopeRich Mountain Community CollegeSouth Arkansas Community CollegeSouthern Arkansas University Main CampusSouthern Arkansas University TechUniversity of Arkansas System OfficeUniversity of Arkansas-Fort SmithAbram Friedman Occupational CenterCollege of AlamedaAllan Hancock CollegeAmerican River CollegeAntelope Valley CollegeBakersfield CollegeBarstow Community CollegeButte CollegeCabrillo CollegeUniversity of California Hastings College of LawCalifornia Polytechnic State University-San Luis ObispoCalifornia State University-BakersfieldCalifornia State University-StanislausCalifornia State University-Chancellors OfficeCalifornia State University-San BernardinoCalifornia State Polytechnic University-PomonaCalifornia State University-ChicoCalifornia State University-Dominguez HillsCalifornia State University-FresnoCalifornia State University-FullertonCalifornia State University-East BayCalifornia State University-Long BeachCalifornia State University-Los AngelesCalifornia State University-NorthridgeCalifornia State University-SacramentoUniversity of California-BerkeleyUniversity of California-DavisUniversity of California-IrvineUniversity of California-Los AngelesUniversity of California-RiversideUniversity of California-San DiegoUniversity of California-San FranciscoUniversity of California-Santa BarbaraUniversity of California-Santa CruzCalifornia Maritime AcademyCanada CollegeCollege of the CanyonsCerritos CollegeCerro Coso Community CollegeChabot CollegeChaffey CollegeCitrus CollegeCity College of San FranciscoClovis Adult EducationCoast Community College District OfficeCoastline Community CollegeColumbia CollegeEl Camino College-Compton CenterContra Costa Community College District OfficeContra Costa CollegeCosumnes River CollegeCrafton Hills CollegeCuesta CollegeCuyamaca CollegeCypress CollegeDe Anza CollegeCollege of the DesertDiablo Valley CollegeEast Los Angeles CollegeSan Diego Continuing EducationEl Camino Community College DistrictEvergreen Valley CollegeFeather River Community College DistrictFoothill CollegeFresno City CollegeFoothill-De Anza Community College DistrictFullerton CollegeGavilan CollegeGolden West CollegeGrossmont-Cuyamaca Community College DistrictGrossmont CollegeHartnell CollegeHumboldt State UniversityImperial Valley CollegeIrvine Valley CollegeReedley CollegeLake Tahoe Community CollegeLaney CollegeLassen Community CollegeLong Beach City CollegeLos Angeles Community College District OfficeLos Angeles Harbor CollegeLos Angeles Pierce CollegeLos Angeles Southwest CollegeLos Angeles Trade Technical CollegeLos Angeles Valley CollegeLos Angeles City CollegeLos Angeles County College of Nursing and Allied HealthLos Angeles Mission CollegeLos Medanos CollegeLos Rios Community College District OfficeCollege of MarinMendocino CollegeMerced CollegeMerritt CollegeMiraCosta CollegeMission CollegeModesto Junior CollegeMonterey Peninsula CollegeMoorpark CollegeMt. San Antonio CollegeMt. San Jacinto Community College DistrictNapa Valley CollegeNaval Postgraduate SchoolNorth Orange County Community College DistrictOhlone Community CollegeOrange Coast CollegeOxnard CollegePalo Verde CollegePalomar CollegePasadena City CollegePeralta Community College System OfficePorterville CollegeSanta Ana CollegeCollege of the RedwoodsRio Hondo CollegeRiverside City CollegeSacramento City CollegeSaddleback CollegeSan Diego Community College District-District OfficeSan Diego City CollegeSan Diego Mesa CollegeSan Diego Miramar CollegeSan Diego State UniversitySan Francisco State UniversitySan Joaquin Delta CollegeSan Jose-Evergreen Community College DistrictSan Jose City CollegeSan Jose State UniversitySan Mateo County Community College District OfficeCollege of San MateoSanta Barbara City CollegeSanta Monica CollegeSanta Rosa Junior CollegeCollege of the SequoiasShasta CollegeSierra CollegeCollege of the SiskiyousCharles A. Jones Career and Education CenterSkyline CollegeSan Bernardino Valley CollegeSolano Community CollegeSonoma State UniversitySouthwestern CollegeState Center Community College DistrictTaft CollegeUniversity of California System Administration Central OfficeVentura County Community College System OfficeVentura CollegeVictor Valley CollegeBerkeley City CollegeWest Valley Mission Community College District OfficeMaxine Waters Employment Preparation CenterWest Hills College CoalingaWest Los Angeles CollegeWest Valley CollegeYosemite Community College District OfficeYuba CollegeAdams State UniversityAims Community CollegeArapahoe Community CollegeUniversity of Colorado DenverUniversity of Colorado Colorado SpringsUniversity of Colorado BoulderColorado Mountain CollegeColorado Northwestern Community CollegeColorado School of MinesColorado State University-Fort CollinsCommunity College of AuroraDelta Montrose Technical CollegeCommunity College of DenverEmily Griffith Technical CollegeFort Lewis CollegeFront Range Community CollegeLamar Community CollegeColorado Mesa UniversityMetropolitan State University of DenverMorgan Community CollegeNortheastern Junior CollegeUniversity of Northern ColoradoOtero Junior CollegePikes Peak Community CollegePueblo Community CollegeRed Rocks Community CollegeColorado State University-PuebloPickens Technical CollegeTrinidad State Junior CollegeUniversity of Colorado System OfficeUnited States Air Force AcademyWestern State Colorado UniversityAsnuntuck Community CollegeCentral Connecticut State UniversityCharter Oak State CollegeUniversity of ConnecticutEastern Connecticut State UniversityCapital Community CollegeHousatonic Community CollegeManchester Community CollegeNaugatuck Valley Community CollegeMiddlesex Community CollegeThree Rivers Community CollegeNorwalk Community CollegeNorthwestern Connecticut Community CollegeQuinebaug Valley Community CollegeSouthern Connecticut State UniversityTunxis Community CollegeUnited States Coast Guard AcademyWestern Connecticut State UniversityDelaware Technical Community College-Central OfficeDelaware Technical Community College-OwensDelaware Technical Community College-TerryDelaware Technical Community College-Stanton/WilmingtonDelaware State UniversityUniversity of DelawareUniversity of the District of ColumbiaAtlantic Technical CenterBradford-Union Area Career Technical CenterBrevard Community CollegeBroward CollegeCollege of Central FloridaUniversity of Central FloridaCharlotte Technical CenterChipola CollegeLorenzo Walker Institute of TechnologyDaytona State CollegeEdison State CollegeFlorida Agricultural and Mechanical UniversityFlorida Atlantic UniversityFlorida State College at JacksonvilleFlorida International UniversityFlorida Keys Community CollegeFlorida State UniversityUniversity of FloridaGeorge Stone Technical CenterGeorge T Baker Aviation SchoolGulf Coast State CollegeHillsborough Community CollegeIndian River State CollegeFlorida Gateway CollegeLake Technical CenterLake-Sumter Community CollegeFort Myers Institute of TechnologyLively Technical CenterLindsey Hopkins Technical Education CenterState College of Florida-Manatee-SarasotaManatee Technical InstituteTraviss Career CenterMiami Lakes Educational CenterMiami Dade CollegeMid Florida TechNorth Florida Community CollegeUniversity of North FloridaNorthwest Florida State CollegeOrlando TechPalm Beach State CollegePasco-Hernando Community CollegePensacola State CollegePinellas Technical Education Center-ClearwaterPolk State CollegeRadford M Locklin Technical CenterRidge Career CenterRobert Morgan Educational CenterFirst Coast Technical CollegeSt Petersburg CollegePinellas Technical Education Center-St PetersburgSanta Fe CollegeSarasota County Technical InstituteSeminole State College of FloridaSheridan Technical CenterSaint Johns River State CollegeSouth Florida State CollegeUniversity of South Florida-Main CampusSuwannee-Hamilton Technical CenterTallahassee Community CollegeTaylor Technical InstituteTom P Haney Technical CenterValencia CollegeWashington-Holmes Technical CenterThe University of West FloridaWestside TechWilliam T. McFatter Technical CenterWinter Park TechWithlacoochee Technical InstituteAbraham Baldwin Agricultural CollegeAlbany Technical CollegeDarton State CollegeAlbany State UniversityArmstrong Atlantic State UniversityAtlanta Technical CollegeAtlanta Metropolitan State CollegeAugusta Technical CollegeAugusta State UniversityBainbridge CollegeCollege of Coastal GeorgiaWest Georgia Technical CollegeClayton  State UniversityColumbus Technical CollegeColumbus State UniversityGeorgia Northwestern Technical CollegeDalton State CollegeEast Georgia State CollegeGeorgia Highlands CollegeFort Valley State UniversityGrady Health System Professional SchoolsGeorgia Institute of Technology-Main CampusGeorgia Southwestern State UniversityGainesville State CollegeGeorgia College & State UniversityGeorgia Military CollegeGeorgia Southern UniversityGeorgia State UniversityUniversity of GeorgiaGordon State CollegeSouthern Crescent Technical CollegeGwinnett Technical CollegeMiddle Georgia Technical CollegeKennesaw State UniversityLanier Technical CollegeCentral Georgia Technical CollegeMacon State CollegeChattahoochee Technical CollegeGeorgia Health Sciences UniversityMiddle Georgia CollegeMoultrie Technical CollegeNorth Georgia College & State UniversityNorth Georgia Technical CollegeSavannah Technical CollegeSavannah State UniversitySouth Georgia CollegeSouth Georgia Technical CollegeSouthern Polytechnic State UniversitySouthwest Georgia Technical CollegeWiregrass Georgia Technical CollegeValdosta State UniversityWaycross CollegeUniversity of West GeorgiaUniversity of Hawaii at HiloUniversity of Hawaii at ManoaHonolulu Community CollegeKapiolani Community CollegeKauai Community CollegeLeeward Community CollegeUniversity of Hawaii Maui CollegeUniversity of Hawaii System OfficeUniversity of Hawaii-West OahuWindward Community CollegeBoise State UniversityEastern Idaho Technical CollegeIdaho State UniversityUniversity of IdahoLewis-Clark State CollegeNorth Idaho CollegeCollege of Southern IdahoSouthwestern Illinois CollegeBlack Hawk CollegeCarl Sandburg CollegeChicago State UniversityCity Colleges of Chicago-Kennedy-King CollegeCity Colleges of Chicago-Malcolm X CollegeCity Colleges of Chicago-Olive-Harvey CollegeCity Colleges of Chicago-Harry S Truman CollegeCity Colleges of Chicago-Richard J Daley CollegeCity Colleges of Chicago-Harold Washington CollegeCity Colleges of Chicago-Wilbur Wright CollegeCity Colleges of Chicago-District OfficeDanville Area Community CollegeCollege of DuPageEastern Illinois UniversityElgin Community CollegeGovernors State UniversityHighland Community CollegeUniversity of Illinois at ChicagoUniversity of Illinois at Urbana-ChampaignIllinois Central CollegeIllinois Eastern Community Colleges-Olney Central CollegeIllinois State UniversityIllinois Valley Community CollegeJohn A Logan CollegeJohn Wood Community CollegeJoliet Junior CollegeKankakee Community CollegeKaskaskia CollegeKishwaukee CollegeCollege of Lake CountyLake Land CollegeLewis and Clark Community CollegeLincoln Land Community CollegeMcHenry County CollegeMoraine Valley Community CollegeMorton CollegeNorthern Illinois UniversityNortheastern Illinois UniversityOakton Community CollegeParkland CollegePrairie State CollegeRend Lake CollegeRichland Community CollegeRock Valley CollegeUniversity of Illinois at SpringfieldSauk Valley Community CollegeShawnee Community CollegeSoutheastern Illinois CollegeSpoon River CollegeSouthern Illinois University CarbondaleSouthern Illinois University EdwardsvilleSouthern Illinois University-Systems OfficeSouth Suburban CollegeTriton CollegeUniversity of Illinois University AdministrationWaubonsee Community CollegeWestern Illinois UniversityHarper CollegeBall State UniversityGood Samaritan Hospital School of Radiologic TechnologyIvy Tech Community CollegeIndiana University-Purdue University-Fort WayneIndiana University-Purdue University-IndianapolisUniversity of Southern IndianaIndiana State UniversityIndiana University-KokomoIndiana University-South BendIndiana University-BloomingtonIndiana University-NorthwestIndiana University-SoutheastIndiana University-EastJ Everett Light Career CenterPurdue University-Calumet CampusPurdue University-North Central CampusVincennes UniversityDes Moines Area Community CollegeEllsworth Community CollegeEastern Iowa Community College DistrictHawkeye Community CollegeIndian Hills Community CollegeIowa Central Community CollegeIowa Lakes Community CollegeIowa State UniversityIowa Western Community CollegeUniversity of IowaKirkwood Community CollegeMarshalltown Community CollegeNorth Iowa Area Community CollegeUniversity of Northern IowaNortheast Iowa Community College-CalmarNorthwest Iowa Community CollegeSoutheastern Community CollegeSouthwestern Community CollegeWestern Iowa Tech Community CollegeAllen County Community CollegeBarton County Community CollegeButler Community CollegeCloud County Community CollegeCoffeyville Community CollegeColby Community CollegeCowley County Community CollegeDodge City Community CollegeEmporia State UniversityFlint Hills Technical CollegeFort Hays State UniversityFort Scott Community CollegeGarden City Community CollegeHaskell Indian Nations UniversityHutchinson Community CollegeIndependence Community CollegeJohnson County Community CollegeKansas City Kansas Community CollegeUniversity of KansasKansas State UniversityWashburn Institute of TechnologyLabette Community CollegeManhattan Area Technical CollegeNeosho County Community CollegeNorth Central Kansas Technical CollegeNorthwest Kansas Technical CollegePittsburg State UniversityPratt Community CollegeSalina Area Technical CollegeSeward County Community College and Area Technical SchoolWashburn UniversityWichita Area Technical CollegeWichita State UniversityAshland Community and Technical CollegeSouthcentral Kentucky Community and Technical CollegeBluegrass Community and Technical CollegeEastern Kentucky UniversityElizabethtown Community and Technical CollegeHazard Community and Technical CollegeHenderson Community CollegeHopkinsville Community CollegeJefferson Community and Technical CollegeKentucky State UniversityUniversity of KentuckyUniversity of LouisvilleMadisonville Community CollegeMaysville Community and Technical CollegeMorehead State UniversityMurray State UniversityGateway Community and Technical CollegeNorthern Kentucky UniversityWest Kentucky Community and Technical CollegeBig Sandy Community and Technical CollegeSomerset Community CollegeSoutheast Kentucky Community and Technical CollegeKentucky Community and Technical College SystemWestern Kentucky UniversityCentral Louisiana Technical Community CollegeCapital Area Technical College-Baton Rouge CampusBossier Parish Community CollegeDelgado Community CollegeNortheast Louisiana Technical CollegeNunez Community CollegeGrambling State UniversityLouisiana State University Health Sciences Center-New OrleansLouisiana State University-AlexandriaLouisiana State University and Agricultural & Mechanical CollegeLouisiana State University EuniceLouisiana State University-ShreveportAcadiana Technical College-Lafayette CampusLouisiana State University-System OfficeLouisiana Tech UniversityMcNeese State UniversityUniversity of New OrleansNicholls State UniversityUniversity of Louisiana-MonroeNorthwest Louisiana Technical CollegeNorthwestern State University of LouisianaL E Fletcher Technical Community CollegeSouthern University-Board and SystemSowela Technical Community CollegeSoutheastern Louisiana UniversitySouthern University and A & M CollegeSouthern University at New OrleansSouthern University at ShreveportUniversity of Louisiana at LafayetteNorthshore Technical Community CollegeSouth Central Louisiana Technical College-Young Memorial CampusCentral Maine Community CollegeEastern Maine Community CollegeKennebec Valley Community CollegeUniversity of Maine at AugustaUniversity of Maine at FarmingtonUniversity of Maine at Fort KentUniversity of Maine at MachiasUniversity of MaineUniversity of Maine System Central OfficeMaine Maritime AcademyUniversity of Maine at Presque IsleNorthern Maine Community CollegeSouthern Maine Community CollegeUniversity of Southern MaineWashington County Community CollegeAllegany College of MarylandAnne Arundel Community CollegeBaltimore City Community CollegeUniversity of BaltimoreBowie State UniversityCecil CollegeCollege of Southern MarylandChesapeake CollegeCoppin State UniversityFrederick Community CollegeFrostburg State UniversityGarrett CollegeHagerstown Community CollegeHarford Community CollegeHoward Community CollegeUniversity of Maryland-University CollegeUniversity of Maryland-BaltimoreUniversity of Maryland-Baltimore CountyUniversity of Maryland-College ParkUniversity of Maryland Eastern ShoreMontgomery CollegeMorgan State UniversityPrince George's Community CollegeSalisbury UniversitySt Mary's College of MarylandTowson UniversityUniversity System of MarylandUnited States Naval AcademyWor-Wic Community CollegeAssabet Valley Regional Technical SchoolBerkshire Community CollegeBridgewater State UniversityBristol Community CollegeBunker Hill Community CollegeCape Cod Community CollegeDiman Regional Technical InstituteFitchburg State UniversityFramingham State UniversityGreenfield Community CollegeHolyoke Community CollegeUniversity of Massachusetts-LowellUniversity of Massachusetts AmherstUniversity of Massachusetts-BostonMassachusetts Bay Community CollegeUniversity of Massachusetts-Central OfficeMassachusetts College of Art and DesignMassachusetts Maritime AcademyUniversity of Massachusetts Medical School WorcesterMassasoit Community CollegeMount Wachusett Community CollegeMassachusetts College of Liberal ArtsNorth Shore Community CollegeNorthern Essex Community CollegeQuincy CollegeQuinsigamond Community CollegeRoxbury Community CollegeSalem State UniversitySoutheastern Technical InstituteSpringfield Technical Community CollegeUniversity of Massachusetts-DartmouthWestfield State UniversityWorcester State UniversityAlpena Community CollegeBay de Noc Community CollegeCentral Michigan UniversityMott Community CollegeDelta CollegeEastern Michigan UniversityFerris State UniversityGlen Oaks Community CollegeGogebic Community CollegeGrand Rapids Community CollegeGrand Valley State UniversityHenry Ford Community CollegeJackson Community CollegeKalamazoo Valley Community CollegeKellogg Community CollegeKirtland Community CollegeLake Michigan CollegeLake Superior State UniversityLansing Community CollegeMacomb Community CollegeUniversity of Michigan-Ann ArborMichigan State UniversityMichigan Technological UniversityUniversity of Michigan-DearbornUniversity of Michigan-FlintMid Michigan Community CollegeMonroe County Community CollegeMontcalm Community CollegeMuskegon Community CollegeNorth Central Michigan CollegeNorthern Michigan UniversityNorthwestern Michigan CollegeOakland Community CollegeOakland UniversitySaginaw Valley State UniversitySchoolcraft CollegeSt Clair County Community CollegeSouthwestern Michigan CollegeMichigan Career and Technical InstituteWashtenaw Community CollegeWayne County Community College DistrictWayne State UniversityWest Shore Community CollegeWestern Michigan UniversityAlexandria Technical & Community CollegeAnoka Technical CollegeAnoka-Ramsey Community CollegeRiverland Community CollegeNorthwest Technical CollegeBemidji State UniversityCentral Lakes College-BrainerdDakota County Technical CollegeLake Superior CollegeMinnesota State Community and Technical CollegeMinnesota West Community and Technical CollegeHennepin Technical CollegeHibbing Community College-A Technical and Community CollegeInver Hills Community CollegeItasca Community CollegeSouth Central CollegeMinnesota State University-MankatoMesabi Range Community and Technical CollegeMetropolitan State UniversityUniversity of Minnesota-Twin CitiesUniversity of Minnesota-CrookstonMinneapolis Community and Technical CollegeUniversity of Minnesota-DuluthUniversity of Minnesota-MorrisMinnesota State University MoorheadNorth Hennepin Community CollegeNormandale Community CollegeNorthland Community and Technical CollegePine Technical CollegeRainy River Community CollegeRochester Community and Technical CollegeSt. Cloud Technical and Community CollegeSaint Cloud State UniversitySaint Paul College-A Community and Technical CollegeSouthwest Minnesota State UniversityVermilion Community CollegeRidgewater CollegeMinnesota State College-Southeast TechnicalWinona State UniversityCentury CollegeAlcorn State UniversityCoahoma Community CollegeCopiah-Lincoln Community CollegeDelta State UniversityEast Central Community CollegeEast Mississippi Community CollegeHinds Community CollegeHolmes Community CollegeItawamba Community CollegeJackson State UniversityJones County Junior CollegeMeridian Community CollegeBoard of Trustees-Mississippi State Institutions of Higher LearningMississippi Delta Community CollegeUniversity of MississippiUniversity of Mississippi Medical CenterMississippi University for WomenMississippi Valley State UniversityMississippi Gulf Coast Community CollegeMississippi State UniversityNortheast Mississippi Community CollegeNorthwest Mississippi Community CollegePearl River Community CollegeSouthwest Mississippi Community CollegeUniversity of Southern MississippiBoonslick Technical Education CenterCape Girardeau Career and Technology CenterUniversity of Central MissouriGrand River Technical SchoolColumbia Area Career CenterCrowder CollegeEast Central CollegeFour Rivers Career CenterOzarks Technical Community CollegeHarris-Stowe State UniversityJefferson CollegeKennett Career and Technology CenterLake Career and Technical CenterLex La-Ray Technical CenterLincoln UniversityLinn State Technical CollegeMetropolitan Community College-Kansas CityMetropolitan Community College-Maple WoodsMineral Area CollegeMissouri Southern State UniversityMissouri Western State UniversityUniversity of Missouri-ColumbiaUniversity of Missouri-Kansas CityMissouri University of Science and TechnologyUniversity of Missouri-St LouisUniversity of Missouri-System OfficeMoberly Area Community CollegeHillyard Technical CenterNichols Career CenterNorthwest Technical SchoolTruman State UniversityNorthwest Missouri State UniversityMetropolitan Community College-Penn ValleyPoplar Bluff Technical Career CenterRolla Technical InstituteSikeston Career and Technology CenterSaint Louis Community CollegeMissouri State University-West PlainsState Fair Community CollegeSoutheast Missouri State UniversityMissouri State University-SpringfieldNorth Central Missouri CollegeEldon Career CenterTruman Medical Center School of Nurse AnesthesiaHighlands College of Montana TechDawson Community CollegeChief Dull Knife CollegeMontana State University BillingsFlathead Valley Community CollegeAaniiih Nakoda CollegeFort Peck Community CollegeGreat Falls College Montana State UniversityHelena College University of MontanaLittle Big Horn CollegeMiles Community CollegeMontana Tech of the University of MontanaMontana State UniversityThe University of MontanaMontana State University-NorthernThe University of Montana-WesternCentral Community CollegeChadron State CollegeUniversity of Nebraska at KearneyMetropolitan Community College AreaMid-Plains Community CollegeUniversity of Nebraska at OmahaNebraska Indian Community CollegeUniversity of Nebraska Medical CenterUniversity of Nebraska-LincolnNortheast Community CollegePeru State CollegeSoutheast Community College AreaUniversity of Nebraska Central Administration System OfficeNebraska College of Technical AgricultureWayne State CollegeWestern Nebraska Community CollegeCollege of Southern NevadaUniversity of Nevada-Las VegasUniversity of Nevada-RenoGreat Basin CollegeTruckee Meadows Community CollegeNevada System of Higher Education-System OfficeWestern Nevada CollegeUniversity of New Hampshire-Main CampusKeene State CollegeUniversity of New Hampshire at ManchesterPlymouth State UniversityNHTI-Concord's Community CollegeWhite Mountains Community CollegeRiver Valley Community CollegeLakes Region Community CollegeNashua Community CollegeGreat Bay Community CollegeGranite State CollegeUniversity System of New Hampshire System OfficeAtlantic Cape Community CollegeBergen Community CollegeBrookdale Community CollegeBurlington County CollegeCamden County CollegeAdult & Continuing Education-BCTSCounty College of MorrisCumberland County CollegeEssex County CollegeRowan UniversityGloucester County CollegeHudson County Community CollegeNew Jersey City UniversityKean UniversityMercer County Community CollegeMiddlesex County CollegeMontclair State UniversityNew Jersey Institute of TechnologyOcean County CollegePassaic County Community CollegeRamapo College of New JerseyRutgers University-CamdenRutgers University-New BrunswickRutgers University-NewarkSalem Community CollegeRaritan Valley Community CollegeThe Richard Stockton College of New JerseyThomas Edison State CollegeThe College of New JerseyUnion County CollegeUniversity of Medicine and Dentistry of New JerseyWilliam Paterson University of New JerseyCentral New Mexico Community CollegeNavajo Technical CollegeNew Mexico State University-Dona AnaClovis Community CollegeEastern New Mexico University-Main CampusEastern New Mexico University-Roswell CampusInstitute of American Indian and Alaska Native CultureNew Mexico Highlands UniversityNew Mexico Junior CollegeNew Mexico Military InstituteUniversity of New Mexico-Gallup CampusNew Mexico Institute of Mining and TechnologyUniversity of New Mexico-Los Alamos CampusUniversity of New Mexico-Main CampusNew Mexico State University-AlamogordoNew Mexico State University-CarlsbadNew Mexico State University-GrantsNew Mexico State University-Main CampusUniversity of New Mexico-Valencia County CampusNorthern New Mexico CollegeSan Juan CollegeSanta Fe Community CollegeSouthwestern Indian Polytechnic InstituteUniversity of New Mexico-Taos CampusMesalands Community CollegeWestern New Mexico UniversityAdirondack Community CollegeBroome Community CollegeCayuga County Community CollegeCUNY System OfficeClinton Community CollegeColumbia-Greene Community CollegeCorning Community CollegeCUNY Bernard M Baruch CollegeCUNY Borough of Manhattan Community CollegeCUNY Bronx Community CollegeCUNY Brooklyn CollegeCUNY College of Staten IslandCUNY City CollegeCUNY Graduate School and University CenterCUNY Hostos Community CollegeCUNY Hunter CollegeCUNY John Jay College of Criminal JusticeCUNY Kingsborough Community CollegeCUNY LaGuardia Community CollegeCUNY Lehman CollegeCUNY Medgar Evers CollegeCUNY New York City College of TechnologyCUNY Queens CollegeCUNY Queensborough Community CollegeCUNY School of Law at Queens CollegeCUNY York CollegeDutchess Community CollegeErie Community CollegeFashion Institute of TechnologyFinger Lakes Community CollegeFulton-Montgomery Community CollegeGenesee Community CollegeHerkimer County Community CollegeHudson Valley Community CollegeJamestown Community CollegeJefferson Community CollegeSouthern Westchester BOCES-Practical Nursing ProgramMohawk Valley Community CollegeMonroe Community CollegeNassau Community CollegeNiagara County Community CollegeNorth Country Community CollegeOnondaga Community CollegeOrange County Community CollegeOtsego Area BOCES-School of Practical NursingRockland Community CollegeSchenectady County Community CollegeSUNY-System OfficeSullivan County Community CollegeSUNY College of Technology at AlfredSUNY College of Technology at CantonSUNY College of Technology at DelhiSUNY College of Agriculture and Technology at CobleskillFarmingdale State CollegeMorrisville State CollegeSUNY at AlbanySUNY at BinghamtonUniversity at BuffaloStony Brook UniversitySUNY College of Environmental Science and ForestrySUNY Institute of Technology at Utica-RomeSUNY College at BrockportBuffalo State SUNYSUNY College at CortlandSUNY at FredoniaSUNY College at GeneseoState University of New York at New PaltzSUNY College at OneontaSUNY College at OswegoSUNY College at PotsdamSUNY at Purchase CollegeSUNY College of OptometrySUNY College at Old WestburySUNY College at PlattsburghSUNY Downstate Medical CenterSUNY Empire State CollegeSUNY Maritime CollegeUpstate Medical UniversityTompkins Cortland Community CollegeUlster County Community CollegeUnited States Merchant Marine AcademyUnited States Military AcademySUNY Westchester Community CollegeCollege of the AlbemarleSouth Piedmont Community CollegeAppalachian State UniversityAsheville-Buncombe Technical Community CollegeBeaufort County Community CollegeBladen Community CollegeBlue Ridge Community CollegeBrunswick Community CollegeCaldwell Community College and Technical InstituteCape Fear Community CollegeCarteret Community CollegeCatawba Valley Community CollegeCentral Carolina Community CollegeCentral Piedmont Community CollegeCleveland Community CollegeCoastal Carolina Community CollegeCraven Community CollegeDavidson County Community CollegeDurham Technical Community CollegeEast Carolina UniversityEdgecombe Community CollegeElizabeth City State UniversityFayetteville Technical Community CollegeFayetteville State UniversityForsyth Technical Community CollegeGaston CollegeGuilford Technical Community CollegeHalifax Community CollegeHaywood Community CollegeIsothermal Community CollegeJames Sprunt Community CollegeJohnston Community CollegeLenoir Community CollegeMartin Community CollegeMayland Community CollegeMcDowell Technical Community CollegeMercy School of NursingMitchell Community CollegeMontgomery Community CollegeNash Community CollegeNorth Carolina A & T State UniversityUniversity of North Carolina at AshevilleUniversity of North Carolina at Chapel HillUniversity of North Carolina at CharlotteUniversity of North Carolina at GreensboroNorth Carolina Central UniversityUniversity of North Carolina System OfficeUniversity of North Carolina School of the ArtsNorth Carolina State University at RaleighUniversity of North Carolina WilmingtonPamlico Community CollegeUniversity of North Carolina at PembrokePiedmont Community CollegePitt Community CollegeRandolph Community CollegeRichmond Community CollegeRoanoke-Chowan Community CollegeRobeson Community CollegeRockingham Community CollegeRowan-Cabarrus Community CollegeSampson Community CollegeSandhills Community CollegeStanly Community CollegeSurry Community CollegeAlamance Community CollegeTri-County Community CollegeVance-Granville Community CollegeWake Technical Community CollegeWayne Community CollegeWestern Piedmont Community CollegeWilkes Community CollegeWilson Community CollegeWinston-Salem State UniversityWestern Carolina UniversityBismarck State CollegeDickinson State UniversityFort Berthold Community CollegeLake Region State CollegeCankdeska Cikana Community CollegeMayville State UniversityMinot State UniversityUniversity of North DakotaNorth Dakota State College of ScienceDakota College at BottineauNorth Dakota State University-Main CampusWilliston State CollegeSitting Bull CollegeValley City State UniversityAir Force Institute of Technology-Graduate School of Engineering & ManagementUniversity of Akron Main CampusAkron School of Practical NursingUniversity of Akron Wayne CollegeApollo Career CenterAshland County-West Holmes Career CenterAshtabula County Technical and Career CampusAuburn Career CenterBelmont CollegeBowling Green State University-FirelandsBowling Green State University-Main CampusBuckeye Hills Career CenterButler Tech-D Russel Lee Career CenterCanton City Schools Adult Career and Technical EducationCentral Ohio Technical CollegeCentral State UniversityChoffin Career  and Technical CenterUniversity of Cincinnati-Main CampusCincinnati State Technical and Community CollegeUniversity of Cincinnati-Clermont CollegeUniversity of Cincinnati-Blue Ash CollegeClark State Community CollegeCleveland State UniversityColumbiana County Career and Technical CenterColumbus State Community CollegeCuyahoga Community College DistrictEdison State Community CollegeEHOVE Career CenterGreat Oaks Institute of Technology and Career DevelopmentHannah E Mullins School of Practical NursingAdult and Community Education-HudsonHocking CollegeEastern Gateway Community CollegeKent State University at AshtabulaKent State University at East LiverpoolKent State University at StarkKent State University at TrumbullKent State University at TuscarawasKent State University at SalemKent State University at KentKent State University at GeaugaLakeland Community CollegeO C Collins Career CenterJames A Rhodes State CollegeLorain County Community CollegeMarion Technical CollegeMedina County Career CenterMiami University-HamiltonMiami University-MiddletownMiami University-OxfordMiami Valley Career Technology CenterZane State CollegeNorth Central State CollegeNorthwest State Community CollegeToledo Public Schools Adult & Continuing EducationNortheast Ohio Medical UniversityOhio State University Agricultural Technical InstituteOhio State University-Lima CampusOhio State University-Mansfield CampusOhio State University-Marion CampusOhio State University-Newark CampusOhio State University-Main CampusOhio University-Eastern CampusOhio University-Chillicothe CampusOhio University-Southern CampusOhio University-Lancaster CampusOhio University-Main CampusOhio University-Zanesville CampusOwens Community CollegeCuyahoga Valley Career CenterShawnee State UniversitySinclair Community CollegeStark State CollegeSouthern State Community CollegeTerra State Community CollegeUniversity of ToledoTri-County Adult Career CenterTri-Rivers Career CenterUpper Valley Career CenterW Howard Nicol School of Practical NursingWashington State Community CollegeWright State University-Main CampusWright State University-Lake CampusYoungstown State UniversityPontotoc Technology CenterCameron UniversityCarl Albert State CollegeUniversity of Central OklahomaConnors State CollegeEast Central UniversityEastern Oklahoma State CollegeRedlands Community CollegeLangston UniversityMurray State CollegeNortheastern State UniversityNorthern Oklahoma CollegeNortheastern Oklahoma A&M CollegeNorthwestern Oklahoma State UniversityOklahoma State University Center for Health SciencesUniversity of Oklahoma Health Sciences CenterOklahoma Panhandle State UniversityOklahoma State University-Main CampusOklahoma State University-Oklahoma CityOklahoma City Community CollegeUniversity of Oklahoma Norman CampusOklahoma State University Institute of Technology-OkmulgeeTulsa Technology Center-Peoria CampusRogers State UniversityRose State CollegeUniversity of Science and Arts of OklahomaSeminole State CollegeSoutheastern Oklahoma State UniversitySouthwestern Oklahoma State UniversityTulsa Community CollegeIndian Capital Technology Center-TahlequahWestern Oklahoma State CollegeHigh Plains Technology CenterBlue Mountain Community CollegeCentral Oregon Community CollegeChemeketa Community CollegeClackamas Community CollegeClatsop Community CollegeEastern Oregon UniversityLane Community CollegeLinn-Benton Community CollegeMt Hood Community CollegeOregon University SystemOregon Health & Science UniversityOregon Institute of TechnologyOregon State UniversityUniversity of OregonPortland Community CollegePortland State UniversityRogue Community CollegeSouthern Oregon UniversitySouthwestern Oregon Community CollegeTreasure Valley Community CollegeUmpqua Community CollegeWestern Oregon UniversityCommunity College of Allegheny CountyCommunity College of Beaver CountyBloomsburg University of PennsylvaniaBucks County Community CollegeButler County Community CollegeCalifornia University of PennsylvaniaCheyney University of PennsylvaniaClarion University of PennsylvaniaDelaware County Community CollegeThe Dickinson School of Law of the Pennsylvania State UniversityEast Stroudsburg University of PennsylvaniaEdinboro University of PennsylvaniaHarrisburg Area Community College-HarrisburgIndiana University of Pennsylvania-Main CampusKutztown University of PennsylvaniaLehigh Carbon Community CollegeLincoln University of PennsylvaniaLock Haven UniversityLuzerne County Community CollegeMansfield University of PennsylvaniaMillersville University of PennsylvaniaMontgomery County Community CollegeNorthampton County Area Community CollegePennsylvania State University-Penn State Erie-Behrend CollegePennsylvania State University-Penn State Great ValleyPennsylvania State University-College of MedicinePennsylvania State University-Penn State New KensingtonPennsylvania State University-Penn State ShenangoPennsylvania State University-Penn State Wilkes-BarrePennsylvania State University-Penn State Worthington ScrantonPennsylvania State System of Higher Education-Central OfficePennsylvania State University-Penn State Lehigh ValleyPennsylvania State University-Penn State AltoonaPennsylvania State University-Penn State BeaverPennsylvania State University-Penn State BerksPennsylvania State University-Penn State HarrisburgPennsylvania State University-Penn State BrandywinePennsylvania State University-Penn State DuboisPennsylvania State University-Penn State Fayette- Eberly CampusPennsylvania State University-Penn State HazletonPennsylvania State University-Main CampusPennsylvania State University-Penn State Greater AlleghenyPennsylvania State University-Penn State Mont AltoPennsylvania State University-Penn State AbingtonPennsylvania State University-Penn State SchuylkillPennsylvania State University-Penn State YorkCommunity College of PhiladelphiaUniversity of Pittsburgh-BradfordUniversity of Pittsburgh-GreensburgUniversity of Pittsburgh-JohnstownUniversity of Pittsburgh-Pittsburgh CampusUniversity of Pittsburgh-TitusvilleReading Area Community CollegeSchuylkill Technology CenterShippensburg University of PennsylvaniaSlippery Rock University of PennsylvaniaThaddeus Stevens College of TechnologyTemple UniversityWest Chester University of PennsylvaniaWestmoreland County Community CollegeRhode Island CollegeCommunity College of Rhode IslandUniversity of Rhode IslandAiken Technical CollegeTechnical College of the LowcountryCollege of CharlestonNortheastern Technical CollegeCitadel Military College of South CarolinaClemson UniversityDenmark Technical CollegeFlorence-Darlington Technical CollegeFrancis Marion UniversityGreenville Technical CollegeHorry-Georgetown Technical CollegeLander UniversityMedical University of South CarolinaMidlands Technical CollegeOrangeburg Calhoun Technical CollegePiedmont Technical CollegeUniversity of South Carolina-AikenUniversity of South Carolina-BeaufortUniversity of South Carolina-ColumbiaUniversity of South Carolina-LancasterUniversity of South Carolina-SalkehatchieUniversity of South Carolina-SumterUniversity of South Carolina-UnionCoastal Carolina UniversitySouth Carolina State UniversityUniversity of South Carolina-UpstateSpartanburg Community CollegeCentral Carolina Technical CollegeTri-County Technical CollegeTrident Technical CollegeWilliamsburg Technical CollegeWinthrop UniversityYork Technical CollegeBlack Hills State UniversityDakota State UniversityLake Area Technical InstituteMitchell Technical InstituteNorthern State UniversityOglala Lakota CollegeSouth Dakota School of Mines and TechnologySouth Dakota State UniversitySisseton Wahpeton CollegeSoutheast Technical InstituteUniversity of South DakotaWestern Dakota Technical InstituteTennessee Technology Center at AthensAustin Peay State UniversityChattanooga State Community CollegeCleveland State Community CollegeColumbia State Community CollegeTennessee Technology Center at CovingtonTennessee Technology Center at DicksonDyersburg State Community CollegeEast Tennessee State UniversityTennessee Technology Center at ElizabethtonTennessee Technology Center at HarrimanTennessee Technology Center at HartsvilleTennessee Technology Center at HohenwaldTennessee Technology Center at JacksboroJackson State Community CollegeTennessee Technology Center at LivingstonTennessee Technology Center at McKenzieTennessee Technology Center at MemphisUniversity of MemphisMiddle Tennessee State UniversityTennessee Technology Center at MorristownMotlow State Community CollegeTennessee Technology Center at MurfreesboroNashville State Community CollegeTennessee Technology Center at NewbernTennessee Technology Center at ParisTennessee Technology Center at PulaskiTennessee Technology Center at RipleyRoane State Community CollegeTennessee Technology Center at CrumpSouthwest Tennessee Community CollegeTennessee Technology Center at ShelbyvilleTennessee Technology Center at Oneida-HuntsvilleTennessee Technology Center at CrossvilleTennessee Technology Center at McMinnvilleTennessee Technology Center at JacksonTennessee Technology Center at KnoxvilleTennessee Technology Center at WhitevillePellissippi State Community CollegeThe University of Tennessee at ChattanoogaThe University of TennesseeThe University of Tennessee-MartinTennessee State UniversityTennessee Technological UniversityNortheast State Community CollegeVolunteer State Community CollegeWalters State Community CollegeAlamo Community College District Central OfficeAlvin Community CollegeAmarillo CollegeAngelina CollegeAngelo State UniversityAustin Community College DistrictTexas A&M Health Science CenterCoastal Bend CollegeBlinn CollegeBrazosport CollegeBrookhaven CollegeCedar Valley CollegeCentral Texas CollegeCisco CollegeClarendon CollegeNorth Central Texas CollegeTexas A & M University-Corpus ChristiDallas County Community College DistrictDel Mar CollegeTexas A & M University-TexarkanaTexas A & M University-CommerceEastfield CollegeEl Centro CollegeEl Paso Community CollegeFrank Phillips CollegeGalveston CollegeGrayson CollegeTrinity Valley Community CollegeHill CollegeUniversity of Houston-Clear LakeHouston Community CollegeUniversity of Houston-DowntownUniversity of Houston-VictoriaUniversity of HoustonHoward CollegeKilgore CollegeLamar UniversityLamar State College-OrangeLamar State College-Port ArthurLaredo Community CollegeTexas A & M International UniversityLee CollegeCollege of the MainlandMcLennan Community CollegeMidland CollegeMidwestern State UniversityMountain View CollegeNavarro CollegeLone Star College SystemNorth Lake CollegeUniversity of North TexasNortheast Texas Community CollegeOdessa CollegeThe University of Texas-Pan AmericanThe University of Texas at BrownsvillePanola CollegeParis Junior CollegePrairie View A & M UniversityRanger CollegeRichland CollegeSt Philip's CollegeSam Houston State UniversitySan Antonio CollegeSan Jacinto Community CollegeSouth Plains CollegeSouthwest Texas Junior CollegeStephen F Austin State UniversityTexas State University-San MarcosSul Ross State UniversityTarleton State UniversityTarrant County College DistrictTemple CollegeUniversity of Texas Southwestern Medical CenterThe University of Texas Health Science Center at San AntonioThe University of Texas Medical BranchTexas State Technical College-SystemTexas State Technical College WacoTexarkana CollegeTexas A & M University-KingsvilleTexas A & M University-GalvestonTexas A & M University-College StationThe Texas A&M University System OfficeThe University of Texas at ArlingtonThe University of Texas at AustinThe University of Texas at DallasThe University of Texas at El PasoThe University of Texas at TylerUniversity of North Texas Health Science CenterThe University of Texas of the Permian BasinThe University of Texas at San AntonioTexas Southern UniversityThe University of Texas System OfficeTexas Tech UniversityTexas Woman's UniversityThe University of Texas Health Science Center at HoustonTexas State Technical College HarlingenTexas State Technical College-West TexasTexas Tech University Health Sciences CenterTyler Junior CollegeUniversity of Houston-System AdministrationVernon CollegeVictoria CollegeWeatherford CollegeWest Texas A & M UniversityWestern Texas CollegeWharton County Junior CollegeBridgerland Applied Technology CollegeUtah State University-College of Eastern UtahDavis Applied Technology CollegeDixie State UniversityOgden-Weber Applied Technology CollegeSnow CollegeSouthern Utah UniversityUintah Basin Applied Technology CollegeUtah State UniversityUtah Valley UniversitySalt Lake Community CollegeUniversity of UtahWeber State UniversityCastleton State CollegeCommunity College of VermontJohnson State CollegeLyndon State CollegeVermont State Colleges-Office of the ChancellorVermont Technical CollegeUniversity of VermontCollege of William and MaryCentral School of Practical NursingCentral Virginia Community CollegeChristopher Newport UniversityDabney S Lancaster Community CollegeDanville Community CollegeEastern Virginia Medical SchoolEastern Shore Community CollegeGeorge Mason UniversityGermanna Community CollegeJ Sargeant Reynolds Community CollegeJames Madison UniversityJohn Tyler Community CollegeLongwood UniversityLord Fairfax Community CollegeSuffolk Public Schools-Sentara Obici Hospital School of Practical NursingUniversity of Mary WashingtonMountain Empire Community CollegeNew River Community CollegeNorfolk State UniversityNorthern Virginia Community CollegeOld Dominion UniversityPatrick Henry Community CollegePaul D Camp Community CollegePiedmont Virginia Community CollegeRadford UniversityRappahannock Community CollegeRichard Bland College of the College of William and MarySouthside Virginia Community CollegeSouthwest Virginia Community CollegeThomas Nelson Community CollegeTidewater Community CollegeThe University of Virginia's College at WiseVirginia Highlands Community CollegeVirginia Polytechnic Institute and State UniversityVirginia Western Community CollegeVirginia Commonwealth UniversityUniversity of Virginia-Main CampusVirginia Military InstituteVirginia State UniversityWashington County Skill CenterWoodrow Wilson Rehabilitation CenterWytheville Community CollegeBellevue CollegeBellingham Technical CollegeBig Bend Community CollegeCentral Washington UniversityCentralia CollegeClark CollegeClover Park Technical CollegeColumbia Basin CollegeEastern Washington UniversityEdmonds Community CollegeEverett Community CollegeThe Evergreen State CollegePierce College at Fort SteilacoomGrays Harbor CollegeGreen River Community CollegeHighline Community CollegeBates Technical CollegeLake Washington Institute of TechnologyLower Columbia CollegeSeattle Community College-North CampusOlympic CollegePeninsula CollegeRenton Technical CollegeSeattle Community College-South CampusSeattle Community College-Central CampusShoreline Community CollegeSkagit Valley CollegeSouth Puget Sound Community CollegeSpokane Community CollegeSpokane Falls Community CollegeTacoma Community CollegeWalla Walla Community CollegeWashington State UniversityUniversity of Washington-Seattle CampusWenatchee Valley CollegeWestern Washington UniversityWhatcom Community CollegeYakima Valley Community CollegeBen Franklin Career CenterBluefield State CollegeCabell County Career Technology CenterConcord UniversityFairmont State UniversityGlenville State CollegeJames Rumsey Technical InstituteRalph R Willis Career and Technical CenterMarshall UniversityMercer County Technical Education CenterMonongalia County Technical Education CenterWest Virginia University at ParkersburgPotomac State College of West Virginia UniversityAcademy of Careers and TechnologyShepherd UniversitySouthern West Virginia Community and Technical CollegeFred W Eberle Technical CenterWest Virginia School of Osteopathic MedicineWest Virginia State UniversityWest Liberty UniversityWest Virginia University Institute of TechnologyWest Virginia Northern Community CollegeWest Virginia UniversityWood County School of Practical NursingMadison Area Technical CollegeBlackhawk Technical CollegeFox Valley Technical CollegeGateway Technical CollegeLakeshore Technical CollegeMid-State Technical CollegeMilwaukee Area Technical CollegeMoraine Park Technical CollegeNicolet Area Technical CollegeNorthcentral Technical CollegeNortheast Wisconsin Technical CollegeSouthwest Wisconsin Technical CollegeUniversity of Wisconsin CollegesChippewa Valley Technical CollegeWaukesha County Technical CollegeWestern Technical CollegeUniversity of Wisconsin-WhitewaterWisconsin Indianhead Technical CollegeUniversity of Wisconsin-Eau ClaireUniversity of Wisconsin-Green BayUniversity of Wisconsin-La CrosseUniversity of Wisconsin-OshkoshUniversity of Wisconsin-ParksideUniversity of Wisconsin-StoutUniversity of Wisconsin-SuperiorUniversity of Wisconsin-System AdministrationUniversity of Wisconsin-MadisonUniversity of Wisconsin-MilwaukeeUniversity of Wisconsin-PlattevilleUniversity of Wisconsin-River FallsUniversity of Wisconsin-Stevens PointCasper CollegeCentral Wyoming CollegeEastern Wyoming CollegeLaramie County Community CollegeNorthwest CollegeSheridan CollegeWestern Wyoming Community CollegeUniversity of WyomingAmerican Samoa Community CollegeGuam Community CollegeUniversity of GuamNorthern Marianas CollegeColegio Universitario de San JuanPuerto Rico Conservatory of MusicEscuela de Artes Plasticas de Puerto RicoInstituto Tecnologico de Puerto Rico- Recinto de ManatiInstituto Tecnologico de Puerto Rico-Recinto de GuayamaInstituto Tecnologico de Puerto Rico-Recinto de PonceInstituto Tecnologico de Puerto Rico-Recinto de San JuanUniversity of Puerto Rico-AguadillaUniversity of Puerto Rico-AreciboUniversity of Puerto Rico-BayamonUniversity of Puerto Rico-CarolinaUniversity of Puerto Rico at CayeyUniversity of Puerto Rico-Central AdministrationUniversity of Puerto Rico-HumacaoUniversity of Puerto Rico-UtuadoUniversity of Puerto Rico-MayaguezUniversity of Puerto Rico-Medical SciencesUniversity of Puerto Rico-PonceUniversity of Puerto Rico-Rio PiedrasCollege of Micronesia-FSMPalau Community CollegeUniversity of the Virgin IslandsPurdue University-Main CampusBlue Hills Regional Technical SchoolGeorgia Perimeter CollegeGeorgia Piedmont Technical CollegeWarren County Community CollegeFrancis Tuttle Technology CenterCentral Technology CenterCareer Technology Center of Lackawanna CountyPalo Alto CollegeAthens Technical CollegeMaricopa Skill CenterUniversity of Louisiana-System AdministrationSussex County Community CollegeMississippi Community College BoardCollin County Community College DistrictOwensboro Community and Technical CollegeMoore Norman Technology CenterFayette County Career & Technical Institute Practical Nursing ProgramFranklin County Career and Technology CenterOkefenokee Technical CollegeTennessee Technology Center at NashvilleRed River Technology CenterSouthern Union State Community CollegeClinton Technical SchoolGreene County Career and Technology CenterLac Courte Oreilles Ojibwa Community CollegeUniversity of Wisconsin ExtensionTulsa Technology Center-Lemley CampusTulsa Technology Center-Riverside CampusTulsa Technology Center-Broken Arrow CampusPike-Lincoln Technical CenterSt Charles Community CollegeNew College of FloridaMetro Technology CentersIvy Tech Community College-Central OfficeLuna Community CollegeUniversity of the District of Columbia David A Clarke School of LawParadise Valley Community CollegeChandler/Gilbert Community CollegeGreat Plains Technology CenterRoane-Jackson Technical CenterLawrence County Career and Technical Center-Practical Nursing ProgramPioneer Technology CenterPortage Lakes Career CenterCaddo Kiowa Technology CenterOswego County BOCESSouthern Oklahoma Technology CenterAutry Technology CenterGreene County Vocational School DistrictCanadian Valley Technology CenterWilkes-Barre Area Career and Technical Center Practical NursingMeridian Technology CenterWaynesville Career CenterMorris County Vocational School DistrictPennsylvania College of TechnologyStone Child CollegeSuffolk County Community CollegeLas Positas CollegeAltamaha Technical CollegeOgeechee Technical CollegeNorthwest Technology Center-AlvaMercer County Career CenterCalifornia State University-San MarcosNorthWest Arkansas Community CollegeBrewster Technical CenterCapital Area School of Practical NursingHannibal Career and Technical CenterSouthwest Technology CenterWestern Area Career and Technology CenterMineral County Vocational Technical CenterMartinez Adult EducationSoutheastern Technical CollegeCommunity Services Division-Alliance CityD G Erwin Technical CenterCentral Pennsylvania Institute of Science and TechnologyDowney Adult SchoolPomona Unified School District Adult and Career EducationUpper Cape Cod Regional Technical SchoolLebanon Technology and Career CenterMonmouth County Vocational School DistrictKnox County Career CenterMadison Adult Career CenterUS Grant Joint Vocational SchoolChisholm Trail Technology CenterGordon Cooper Technology CenterKiamichi Technology Center-AtokaKiamichi Technology Center-DurantKiamichi Technology Center-HugoKiamichi Technology Center-McAlesterKiamichi Technology Center-IdabelKiamichi Technology Center-PoteauKiamichi Technology Center-SpiroKiamichi Technology Center-TalihinaEastern Center for Arts and TechnologyCollege of the Marshall IslandsVirginia Beach City Public Schools School of Practical NursingUniversity of Washington-Bothell CampusUniversity of Washington-Tacoma CampusMadison Oneida BOCES - Practical Nursing ProgramBay Mills Community CollegeFond du Lac Tribal and Community CollegeNorthwest Indian CollegeSeattle Vocational InstituteMt Diablo Adult EducationGreater Lowell Technical SchoolSouthwest Collegiate Institute for the DeafHacienda La Puente Adult EducationHawaii Community CollegeBuckeye Joint Vocational SchoolSandusky Career CenterGreater Altoona Career & Technology CenterErie 2 Chautauqua Cattaraugus BOCES-Practical Nursing ProgramEastern New Mexico University-Ruidoso CampusEstrella Mountain Community CollegeHeartland Community CollegeGeorgia Military College-Augusta CampusGeorgia Military College-Valdosta CampusGeorgia Military College-Atlanta CampusGeorgia Military College-Warner Robins CampusAdult Center for EducationPolaris Career CenterRensselaer BOCES-School of Practical NursingColton-Redlands-Yucaipa Regional Occupational ProgramCopper Mountain Community CollegeSantiago Canyon CollegeIllinois Eastern Community Colleges-Frontier Community CollIllinois Eastern Community Colleges-Lincoln Trail CollegeIllinois Eastern Community Colleges-Wabash Valley CollegeCoconino Community CollegeUniversity System of Maryland Research CentersKiamichi Technology Center-StiglerCarroll Community CollegeSchuyler-Steuben-Chemung-Tioga-Allegany BOCESDelaware Chenango Madison Ostego BOCES-Practical NursingCentral Susquehanna Intermediate Unit LPN CareerDelaware Area Career CenterEastland-Fairfield Career and Technical SchoolsMahoning County Career and Technical CenterOhio Hi Point Joint Vocational School DistrictPickaway Ross Joint Vocational School DistrictPioneer Career and Technology CenterScioto County Career Technical CenterTrumbull Career & Technical CenterNorthwest Technology Center-FairviewWarren County Career CenterTexas State Technical College-MarshallFranklin Technology-MSSUSouth Texas CollegeTennessee Board of RegentsPike County Joint Vocational School DistrictLorain County Joint Vocational School DistrictCalifornia State University-Monterey BayShawsheen Valley Regional Vocational Technical SchoolFayette Institute of TechnologyLeech Lake Tribal CollegeEast San Gabriel Valley Regional Occupational ProgramPennsylvania Highlands Community CollegeThe University of Texas M.D.  Anderson Cancer CenterBaldwin Park Adult & Community EducationVentura Adult and Continuing EducationAlbert I Prince Technical High SchoolBullard-Havens Technical High SchoolHowell Cheney Technical High SchoolW F Kaynor Technical High SchoolPlatt Technical High SchoolBeck Area Career Center-Red BudKirksville Area Technical CenterSouth Central Career CenterSaline County Career CenterWarrensburg Area Career CenterNevada Regional Technical CenterCass Career CenterApplied Technology ServicesDallas County Technical CenterUnion County Vocational Technical SchoolClinton Essex Warren Washington BOCES-Practical Nursing ProgramJefferson Lewis BOCES-Practical Nursing ProgramVeeb Nassau County School of Practical NursingSyracuse City Schools Practical Nursing ProgramCattaraugus Allegany BOCES-Practical Nursing ProgramOrange-Ulster BOCES-School of Practical NursingWayne Finger Lakes BOCES-School of Practical NursingBroome Delaware Tioga BOCES-Practical Nursing ProgramWashington Saratoga Warren Hamilton Essex BOCES-Practical NursingAlbany BOCES-Adult Practical Nursing ProgramUlster County BOCES-School of Practical NursingEastern Suffolk BOCES-School of Practical NursingRockland County BOCES-Practical Nursing ProgramPenta County Joint Vocational SchoolCareer and Technology Education Centers of Licking CountyWilloughby-Eastlake School of Practical NursingWashington County Career Center-Adult Technical TrainingVantage Career CenterTri County Technology CenterIndian Capital Technology Center-MuskogeeWestern Technology CenterMid-America Technology CenterNortheast Technology Center-PryorEastern Oklahoma County Technology CenterWes Watkins Technology CenterYork County School of Technology-Adult & Continuing EducationChester County Intermediate UnitJefferson County Dubois Area Vocational Technical Practical Nursing ProgramGreater Johnstown Career and Technology CenterMifflin-Juniata Career and Technology CenterHanover Public School District Practical Nursing ProgramLenape Technical School Practical Nursing ProgramVenango County Area Vocational Technical SchoolLancaster County Career and Technology CenterLebanon County Area Vocational Technical SchoolIndiana County Technology CenterNorthern Tier Career CenterClarion County Career Center Practical Nursing ProgramHazleton Area Career CenterCarlos F Daniels Area Vocational SchoolUnited Technical CenterCharles H McCann Technical SchoolMarion County Community Technical and Adult Education CenterMarion Community Schools Tucker Career & Technology CenterForbes Road Career and Technology CenterPutnam Career and Technical CenterCrawford County Career and Technical Center Practical Nursing ProgramNorthwest Vista CollegeOconee Fall Line Technical CollegeYork County Community CollegeNortheast Technology Center-AftonWestern Suffolk BOCESArkansas State University-Mountain HomeColumbia Gorge Community CollegeTillamook Bay Community CollegeArizona Board of RegentsIndian Capital Technology Center-SallisawIndian Capital Technology Center-StilwellVanguard-Sentinel Adult Career and Technology CenterGeorgia Military College-Columbus CampusOregon Coast Community CollegeTechnical Education Center-OsceolaGreen Country Technology CenterKlamath Community CollegeSan Bernardino Community College DistrictMoberly Area Technical CenterHerndon Career CenterCarver Career CenterCayuga Onondaga BOCES-Practical Nursing ProgramClearfield County Career and Technology CenterDelaware County Technical School-Practical Nursing ProgramMid-Del Technology CenterDutchess BOCES-School of Practical NursingGarnet Career CenterBristol Technical Education CenterGenesee Valley BOCES-Practical Nursing ProgramHamilton Fulton Montgomery BOCES-Practical Nursing ProgramHenrico County-Saint Marys Hospital School of Practical NursingHerkimer County BOCES-Practical Nursing ProgramLee County High Tech Center NorthNorthland Career CenterNorwich Technical High SchoolOcean County Vocational-Technical SchoolPutnam-Westchester BOCES Practical Nursing ProgramSullivan County BOCES-Practical Nursing ProgramNortheast Technology Center-KansasSouth Orange County Community College DistrictMonty TechCHOICE High School and Technical CenterWayne County Schools Career CenterCarolinas College of Health SciencesFlorida Gulf Coast UniversitySouth Louisiana Community CollegeIlisagvik CollegeThe Community College of Baltimore CountyLouisiana State University Health Sciences Center-ShreveportRiver Parishes Community CollegeUniversity of Connecticut-Tri-CampusUniversity of Connecticut-Avery PointUniversity of Connecticut-StamfordBaton Rouge Community CollegeRancho Santiago Community College District OfficeEastern West Virginia Community and Technical CollegePierce College at PuyallupTexas Tech University System AdministrationCascadia Community CollegeErie 1 BOCESHuntingdon County Career and Technology CenterMetropolitan Community College-Blue RiverArkansas State University-NewportLouisiana Delta Community College-Monroe CampusSouthwest Skill Center-Campus of Estrella Mountain Community CollegeOnondaga Cortland Madison BOCESOregon State University-Cascades CampusSouthern University Law CenterSaginaw Chippewa Tribal CollegeSan Diego State University-Imperial Valley CampusEast Valley Institute of TechnologyEli Whitney Technical High SchoolVinal Technical High SchoolWindham Technical High SchoolM-DCPS The English CenterOrleans Niagara BOCES-Practical Nursing ProgramSusquehanna County Career and Technology CenterLamar Institute of TechnologySouth Branch Career and Technical CenterNevada State CollegeCalifornia State University-Channel IslandsMetropolitan Community College-Business & TechnologyTohono O'Odham Community CollegeIllinois Eastern Community College-System OfficePierpont Community and Technical CollegeUniversity of North Texas SystemFolsom Lake CollegeBurlington Technical CenterMountwest Community and Technical CollegeMontgomery County Community College-West CampusKanawha Valley Community and Technical CollegeUniversity of California-MercedBridgemont Community and Technical CollegeCulpeper Cosmetology Training CenterJohn D Rockefeller IV Career CenterOregon Career & Technology CenterBlue Ridge Community and Technical CollegeColorado State University-System OfficeNew River Community and Technical CollegeGeorgia Gwinnett CollegeMountainland Applied Technology CollegeArkansas State University-System OfficeWest Hills College LemooreWest Hills Community College DistrictUniversity of South Florida-St. PetersburgBeaumont Adult SchoolSouthwest Applied Technology CenterPemiscot County Special School DistrictMonroe 2-Orleans BOCES Center for Workforce DevelopmentDixie Applied Technology CollegeUniversity of South Florida Sarasota-ManateeUniversity of South Florida-PolytechnicEscuela De Troqueleria Y HerramentajeCollege of Western IdahoWoodland Community CollegeNortheast Technology CenterClaremoreUniversity of Minnesota-RochesterWalton Career Development CenterImmokalee Technical CenterBlackstone Valley Vocational Regional School DistrictSouthern Worcester County Regional Voc School DistrictFour County Career CenterTolles Career and Technical CenterSomerset County Technology CenterAcademy for Careers and TechnologyMarchman Technical Education CenterTri County Regional Vocational Technical High SchoolMoreno Valley CollegeNorco CollegeStratford School of Aviation Maintenance TechniciansCollege of Massage TherapyNortheast Technology CenterFlagler Technical InstituteD. A. Dorsey Educational CenterKeweenaw Bay Ojibwa Community CollegeTwin Rivers Adult SchoolPaul Mitchell The School IndianapolisNew Community College at CUNY (The)Tooele Applied Technology CollegeLarry's Barber CollegeColorado State University-Global CampusPennsylvania State University-World Campus